2,David Chandler,Mon_Thu_10_13,dchandler2@cms.edu,03,Linda Camacho,Mon_Thu_11_14,lcamacho3@cms.edu,04,Tyrone Goff,Mon_Thu_9_11,tgoff4@cms.edu,06,Ronald Preston,Tue_Thu_11_13,rpreston6@cms.edu,07,Harold Bennett,Tue_Thu_9_10,hbennett7@cms.edu,09,Douglas Greene,Mon_Fri_8_9,dgreene9@cms.edu,010,Stacey Herrera,Tue_Wed_8_9,sherrera10@cms.edu,011,Kenneth Robinson,Mon_Fri_9_12,krobinson11@cms.edu,014,Jason Johnson,Mon_Fri_9_12,jjohnson14@cms.edu,016,Pamela Barry,Mon_Thu_10_12,pbarry16@cms.edu,0
